Class,Precision,Recall,F1-Score,Support
SAFE,0.6842105263157895,1.0,0.8125,26
SQLI,1.0,0.8846153846153846,0.9387755102040817,26
XSS,1.0,0.88,0.9361702127659575,25
PATH_TRAVERSAL,1.0,0.88,0.9361702127659575,25
COMMAND_INJECTION,1.0,0.8846153846153846,0.9387755102040817,26
